[

  {
    "_class":"com.udacity.pricing.domain.price.Price",
    "vehicleId":11,
    "currency":"INR",
    "price": 22000.98
  },
  {
    "_class":"com.udacity.pricing.domain.price.Price",
    "vehicleId":12,
    "currency":"USD",
    "price": 33000.98
  },
  {
    "_class":"com.udacity.pricing.domain.price.Price",
    "vehicleId":13,
    "currency":"INR",
    "price": 44000.98
  },
  {
    "_class":"com.udacity.pricing.domain.price.Price",
    "vehicleId":14,
    "currency":"USD",
    "price": 55000.98
  },
  {
    "_class":"com.udacity.pricing.domain.price.Price",
    "vehicleId":15,
    "currency":"USD",
    "price": 66000.98
  }


]